Stock Name,NSE Code
360 One Wam Ltd.,360ONE
3M India Ltd.,3MINDIA
5Paisa Capital Ltd.,5PAISA
63 Moons Technologies Ltd.,63MOONS
Aadhar Housing Finance Ltd.,AADHARHFC
Aarti Drugs Ltd.,AARTIDRUGS
Aarti Industries Ltd.,AARTIIND
Aarti Pharmalabs Ltd.,AARTIPHARM
Aavas Financiers Ltd.,AAVAS
ABB India Ltd.,ABB
Abbott India Ltd.,ABBOTINDIA
Aditya Birla Capital Ltd.,ABCAPITAL
AB Cotspin India Ltd.,ABCOTS
Allied Blenders & Distillers Ltd.,ABDL
Aditya Birla Fashion and Retail Ltd.,ABFRL
AB Infrabuild Ltd.,ABINFRA
Aditya Birla Lifestyle Brands Ltd.,ABLBL
Aditya Birla Real Estate Ltd.,ABREL
Aditya Birla Sun Life AMC Ltd.,ABSLAMC
ACC Ltd.,ACC
Accelya Solutions India Ltd.,ACCELYA
Accent Microcell Ltd.,ACCENTMIC
Action Construction Equipment Ltd.,ACE
Archean Chemical Industries Ltd.,ACI
ACME Solar Holdings Ltd.,ACMESOLAR
Acutaas Chemicals Ltd.,ACUTAAS
Adani Energy Solutions Ltd.,ADANIENSOL
Adani Enterprises Ltd.,ADANIENT
Adani Green Energy Ltd.,ADANIGREEN
Adani Ports & Special Economic Zone Ltd.,ADANIPORTS
Adani Power Ltd.,ADANIPOWER
ADF Foods Ltd.,ADFFOODS
Ador Welding Ltd.,ADOR
Advait Energy Transitions Ltd.,ADVAIT
Advance Agrolife Ltd.,ADVANCE
Advent Hotels International Ltd.,ADVENTHTL
Advanced Enzyme Technologies Ltd.,ADVENZYMES
Aegis Logistics Ltd.,AEGISLOG
Aegis Vopak Terminals Ltd.,AEGISVOPAK
Aequs Ltd.,AEQUS
Aeroflex Enterprises Ltd.,AEROENTER
Aeroflex Industries Ltd.,AEROFLEX
Aether Industries Ltd.,AETHER
Afcons Infrastructure Ltd.,AFCONS
Affle 3I Ltd.,AFFLE
Abans Financial Services Ltd.,AFSL
Agarwal Industrial Corporation Ltd.,AGARIND
Dr. Agarwals Health Care Ltd.,AGARWALEYE
AGI Greenpac Ltd.,AGI
AGI Infra Ltd.,AGIIL
Anlon Healthcare Ltd.,AHCL
Ahluwalia Contracts (India) Ltd.,AHLUCONT
AIA Engineering Ltd.,AIAENG
Authum Investment & Infrastructure Ltd.,AIIL
Aimtron Electronics Ltd.,AIMTRON
Ajanta Pharma Ltd.,AJANTPHARM
Ajax Engineering Ltd.,AJAXENGG
Ajmera Realty & Infra India Ltd.,AJMERA
Akums Drugs & Pharmaceuticals Ltd.,AKUMS
Akzo Nobel India Ltd.,AKZOINDIA
Alembic Ltd.,ALEMBICLTD
Algoquant Fintech Ltd.,ALGOQUANT
Alicon Castalloy Ltd.,ALICON
Alivus Life Sciences Ltd.,ALIVUS
Alkem Laboratories Ltd.,ALKEM
Alkyl Amines Chemicals Ltd.,ALKYLAMINE
Allcargo Logistics Ltd.,ALLCARGO
Alldigi Tech Ltd.,ALLDIGI
All Time Plastics Ltd.,ALLTIME
Alok Industries Ltd.,ALOKINDS
Alpex Solar Ltd.,ALPEXSOLAR
Amagi Media Labs Ltd.,AMAGI
Amber Enterprises India Ltd.,AMBER
Ambika Cotton Mills Ltd.,AMBIKCO
Ambuja Cements Ltd.,AMBUJACEM
ANB Metal Cast Ltd.,AMCL
Amines & Plasticizers Ltd.,AMNPLST
Amrutanjan Health Care Ltd.,AMRUTANJAN
Anand Rathi Wealth Ltd.,ANANDRATHI
Anantam Highways Trust,ANANTAM
Anant Raj Ltd.,ANANTRAJ
Andhra Paper Ltd.,ANDHRAPAP
Andhra Sugars Ltd.,ANDHRSUGAR
Angel One Ltd.,ANGELONE
Anondita Medicare Ltd.,ANONDITA
Antelopus Selan Energy Ltd.,ANTELOPUS
Anthem Biosciences Ltd.,ANTHEM
Anuh Pharma Ltd.,ANUHPHR
The Anup Engineering Ltd.,ANUP
Anupam Rasayan India Ltd.,ANURAS
Anzen India Energy Yield Plus Trust,ANZEN
Apar Industries Ltd.,APARINDS
Apcotex Industries Ltd.,APCOTEXIND
Apex Frozen Foods Ltd.,APEX
APL Apollo Tubes Ltd.,APLAPOLLO
Alembic Pharmaceuticals Ltd.,APLLTD
Apollo Micro Systems Ltd.,APOLLO
Apollo Hospitals Enterprise Ltd.,APOLLOHOSP
Apollo Pipes Ltd.,APOLLOPIPE
Apollo Tyres Ltd.,APOLLOTYRE
Australian Premium Solar (India) Ltd.,APS
Aptus Value Housing Finance India Ltd.,APTUS
Aqylon Nexus Ltd.,AQYLON
Amara Raja Energy & Mobility Ltd.,ARE&M
Arfin India Ltd.,ARFIN
Arihant Capital Markets Ltd.,ARIHANTCAP
Arihant Superstructures Ltd.,ARIHANTSUP
Arisinfra Solutions Ltd.,ARIS
Arkade Developers Ltd.,ARKADE
Arman Financial Services Ltd.,ARMANFIN
Arrow Greentech Ltd.,ARROWGREEN
Anand Rathi Share & Stock Brokers Ltd.,ARSSBL
Artemis Medicare Services Ltd.,ARTEMISMED
Arvind Ltd.,ARVIND
Arvind Fashions Ltd.,ARVINDFASN
Arvind SmartSpaces Ltd.,ARVSMART
Asahi India Glass Ltd.,ASAHIINDIA
Automotive Stampings and Assemblies Ltd.,ASAL
Associated Alcohols & Breweries Ltd.,ASALCBR
Ashapura Minechem Ltd.,ASHAPURMIN
Ashiana Housing Ltd.,ASHIANA
Ashoka Buildcon Ltd.,ASHOKA
Ashok Leyland Ltd.,ASHOKLEY
Asian Energy Services Ltd.,ASIANENE
Asian Hotels (North) Ltd.,ASIANHOTNR
Asian Paints Ltd.,ASIANPAINT
Asian Granito India Ltd.,ASIANTILES
ASK Automotive Ltd.,ASKAUTOLTD
Astec Lifesciences Ltd.,ASTEC
Aster DM Healthcare Ltd.,ASTERDM
Astral Ltd.,ASTRAL
Astra Microwave Products Ltd.,ASTRAMICRO
AstraZeneca Pharma India Ltd.,ASTRAZEN
Adani Total Gas Ltd.,ATGL
Ather Energy Ltd.,ATHERENERG
Atlanta Electricals Ltd.,ATLANTAELE
Atul Ltd.,ATUL
Atul Auto Ltd.,ATULAUTO
Au Small Finance Bank Ltd.,AUBANK
Aurionpro Solutions Ltd.,AURIONPRO
Aurobindo Pharma Ltd.,AUROPHARMA
Aurum Proptech Ltd.,AURUM
Automotive Axles Ltd.,AUTOAXLES
Avadh Sugar & Energy Ltd.,AVADHSUGAR
Avalon Technologies Ltd.,AVALON
Avantel Ltd.,AVANTEL
Avanti Feeds Ltd.,AVANTIFEED
Aditya Vision Ltd.,AVL
AVT Natural Products Ltd.,AVTNPL
Awfis Space Solutions Ltd,AWFIS
Antony Waste Handling Cell Ltd.,AWHCL
AWL Agri Business Ltd.,AWL
Axis Bank Ltd.,AXISBANK
AXISCADES Technologies Ltd.,AXISCADES
Aye Finance Ltd.,AYE
AYM Syntex Ltd.,AYMSYNTEX
Azad Engineering Ltd.,AZAD
Baheti Recycling Industries Ltd.,BAHETI
Bajaj Auto Ltd.,BAJAJ-AUTO
Bajaj Consumer Care Ltd.,BAJAJCON
Bajaj Electricals Ltd.,BAJAJELEC
Bajaj Finserv Ltd.,BAJAJFINSV
Bajaj Healthcare Ltd.,BAJAJHCARE
Bajaj Housing Finance Ltd.,BAJAJHFL
Bajaj Hindusthan Sugar Ltd.,BAJAJHIND
Bajaj Holdings & Investment Ltd.,BAJAJHLDNG
Indef Manufacturing Ltd.,BAJAJINDEF
Bajel Projects Ltd.,BAJEL
Bajaj Finance Ltd.,BAJFINANCE
Balaji Telefilms Ltd.,BALAJITELE
Balaji Amines Ltd.,BALAMINES
Balkrishna Industries Ltd.,BALKRISIND
Balmer Lawrie & Company Ltd.,BALMLAWRIE
Balrampur Chini Mills Ltd.,BALRAMCHIN
Balu Forge Industries Ltd.,BALUFORGE
Bannari Amman Sugars Ltd.,BANARISUG
Banco Products (India) Ltd.,BANCOINDIA
Bandhan Bank Ltd.,BANDHANBNK
Bank of Baroda,BANKBARODA
Bank of India,BANKINDIA
Bansal Wire Industries Ltd.,BANSALWIRE
BASF India Ltd.,BASF
Bata India Ltd.,BATAINDIA
Bayer Cropscience Ltd.,BAYERCROP
Bharat Bijlee Ltd.,BBL
Black Box Ltd.,BBOX
The Bombay Burmah Trading Corporation Ltd.,BBTC
Brightcom Group Ltd.,BCG
BCL Industries Ltd.,BCLIND
Bharat Dynamics Ltd.,BDL
Mrs. Bectors Food Specialities Ltd.,BECTORFOOD
Bharat Electronics Ltd.,BEL
Belrise Industries Ltd.,BELRISE
BEML Ltd.,BEML
Bhansali Engineering Polymers Ltd.,BEPL
Berger Paints (India) Ltd.,BERGEPAINT
Beta Drugs Ltd.,BETA
BF Investment Ltd.,BFINVEST
BF Utilities Ltd.,BFUTILITIE
BGR Energy Systems Ltd.,BGRENERGY
Bhagiradha Chemicals & Industries Ltd.,BHAGCHEM
Bhageria Industries Ltd.,BHAGERIA
Bharat Coking Coal Ltd.,BHARATCOAL
Bharat Forge Ltd.,BHARATFORG
Bharat Rasayan Ltd.,BHARATRAS
Bharat Seats Ltd.,BHARATSE
Bharat Wire Ropes Ltd.,BHARATWIRE
Bharti Airtel Ltd.,BHARTIARTL
Bharti Hexacom Ltd.,BHARTIHEXA
Bharat Heavy Electricals Ltd.,BHEL
Bigbloc Construction Ltd.,BIGBLOC
Bikaji Foods International Ltd.,BIKAJI
Bhartiya International Ltd.,BIL
Biocon Ltd.,BIOCON
Brookfield India Real Estate Trust,BIRET
Birla Corporation Ltd.,BIRLACORPN
Aditya Birla Money Ltd.,BIRLAMONEY
BirlaNu Ltd.,BIRLANU
BlackBuck Ltd.,BLACKBUCK
BEML Land Assets Ltd.,BLAL
Bliss GVS Pharma Ltd.,BLISSGVS
B L Kashyap & Sons Ltd.,BLKASHYAP
BLS International Services Ltd.,BLS
BLS E-Services Ltd.,BLSE
Blue Dart Express Ltd.,BLUEDART
Blue Jet Healthcare Ltd,BLUEJET
Blue Star Ltd.,BLUESTARCO
Bluestone Jewellery and Lifestyle Ltd.,BLUESTONE
Bluspring Enterprises Ltd.,BLUSPRING
Bodal Chemicals Ltd.,BODALCHEM
Bombay Dyeing & Manufacturing Company Ltd.,BOMDYEING
Borana Weaves Ltd.,BORANA
Borosil Ltd.,BOROLTD
Borosil Renewables Ltd.,BORORENEW
Borosil Scientific Ltd.,BOROSCI
Bosch Home Comfort India Ltd.,BOSCH-HCIL
Bosch Ltd.,BOSCHLTD
Bharat Petroleum Corporation Ltd.,BPCL
Brigade Enterprises Ltd.,BRIGADE
Brigade Hotel Ventures Ltd.,BRIGHOTEL
Britannia Industries Ltd.,BRITANNIA
BSE Ltd.,BSE
Bombay Super Hybrid Seeds Ltd.,BSHSL
Birlasoft Ltd.,BSOFT
Shankara Buildpro Ltd.,BUILDPRO
Butterfly Gandhimathi Appliances Ltd.,BUTTERFLY
C2C Advanced Systems Ltd.,C2C
Camlin Fine Sciences Ltd.,CAMLINFINE
Campus Activewear Ltd.,CAMPUS
Computer Age Management Services Ltd.,CAMS
Canara Bank,CANBK
Can Fin Homes Ltd.,CANFINHOME
Canara HSBC Life Insurance Company Ltd.,CANHLIFE
Cantabil Retail India Ltd.,CANTABIL
Capacit'e Infraprojects Ltd.,CAPACITE
Capillary Technologies India Ltd.,CAPILLARY
Capital Infra Trust,CAPINVIT
Capital Small Finance Bank Ltd.,CAPITALSFB
Caplin Point Laboratories Ltd.,CAPLIPOINT
Carborundum Universal Ltd.,CARBORUNIV
CARE Ratings Ltd.,CARERATING
Carraro India Ltd.,CARRARO
CarTrade Tech Ltd.,CARTRADE
Carysil Ltd.,CARYSIL
Castrol India Ltd.,CASTROLIND
AvenuesAI Ltd.,CCAVENUE
Consolidated Construction Consortium Ltd.,CCCL
CCL Products India Ltd.,CCL
Central Depository Services (India) Ltd.,CDSL
Ceat Ltd.,CEATLTD
Ceigall India Ltd.,CEIGALL
Cello World Ltd.,CELLO
Cemindia Projects Ltd.,CEMPRO
Century Enka Ltd.,CENTENKA
Central Bank of India,CENTRALBK
Centrum Capital Ltd.,CENTRUM
Centum Electronics Ltd.,CENTUM
Century Plyboards (India) Ltd.,CENTURYPLY
Cera Sanitaryware Ltd.,CERA
CESC Ltd.,CESC
Concord Enviro Systems Ltd.,CEWATER
Capri Global Capital Ltd.,CGCL
CG Power and Industrial Solutions Ltd.,CGPOWER
Chalet Hotels Ltd.,CHALET
Chambal Fertilisers & Chemicals Ltd.,CHAMBLFERT
Chandan Healthcare Ltd.,CHANDAN
Chemplast Sanmar Ltd.,CHEMPLASTS
Chennai Petroleum Corporation Ltd.,CHENNPETRO
Cheviot Company Ltd.,CHEVIOT
Choice International Ltd.,CHOICEIN
Cholamandalam Investment & Finance Company Ltd.,CHOLAFIN
Cholamandalam Financial Holdings Ltd.,CHOLAHLDNG
CIE Automotive India Ltd.,CIEINDIA
Capital India Finance Ltd.,CIFL
Cigniti Technologies Ltd.,CIGNITITEC
Cipla Ltd.,CIPLA
Clean Science & Technology Ltd.,CLEAN
Clean Max Enviro Energy Solutions Ltd.,CLEANMAX
Chaman Lal Setia Exports Ltd.,CLSEL
Central Mine Planning & Design Institute Ltd.,CMPDI
CMS Info Systems Ltd.,CMSINFO
Creative Newtech Ltd.,CNL
Coal India Ltd.,COALINDIA
Cochin Shipyard Ltd.,COCHINSHIP
Coforge Ltd.,COFORGE
Cohance Lifesciences Ltd.,COHANCE
Colgate-Palmolive (India) Ltd.,COLPAL
Commercial Syn Bags Ltd.,COMSYN
Container Corporation of India Ltd.,CONCOR
Concord Biotech Ltd.,CONCORDBIO
Confidence Petroleum India Ltd.,CONFIPET
Consolidated Finvest & Holdings Ltd.,CONSOFINVT
Control Print Ltd.,CONTROLPR
Coromandel International Ltd.,COROMANDEL
Corona Remedies Ltd.,CORONA
Cosmo First Ltd.,COSMOFIRST
Aditya Infotech Ltd.,CPPLUS
Craftsman Automation Ltd.,CRAFTSMAN
Canara Robeco Asset Management Company Ltd.,CRAMC
CreditAccess Grameen Ltd.,CREDITACC
Crest Ventures Ltd.,CREST
Crisil Ltd.,CRISIL
Crizac Ltd.,CRIZAC
Crompton Greaves Consumer Electricals Ltd.,CROMPTON
CSB Bank Ltd.,CSBBANK
CSL Finance Ltd.,CSLFINANCE
City Union Bank Ltd.,CUB
Cube Highways Trust,CUBEINVIT
Cummins India Ltd.,CUMMINSIND
Cupid Ltd.,CUPID
Cyient Ltd.,CYIENT
Cyient DLM Ltd.,CYIENTDLM
Dabur India Ltd.,DABUR
Dalmia Bharat Ltd.,DALBHARAT
Dalmia Bharat Sugar and Industries Ltd.,DALMIASUG
DAM Capital Advisors Ltd.,DAMCAPITAL
Danish Power Ltd.,DANISH
Datamatics Global Services Ltd.,DATAMATICS
Data Patterns (India) Ltd.,DATAPATTNS
Davangere Sugar Company Ltd.,DAVANGERE
DB Corp Ltd.,DBCORP
Dilip Buildcon Ltd.,DBL
Dhampur Bio Organics Ltd.,DBOL
Valor Estate Ltd.,DBREALTY
Dishman Carbogen Amcis Ltd.,DCAL
DCB Bank Ltd.,DCBBANK
DCM Shriram Ltd.,DCMSHRIRAM
DCM Shriram International Ltd.,DCMSIL
DCW Ltd.,DCW
DCX Systems Ltd.,DCXINDIA
Ddev Plastiks Industries Ltd.,DDEVPLSTIK
Deccan Cements Ltd.,DECCANCE
DEE Development Engineers Ltd.,DEEDEV
Deepak Fertilisers & Petrochemicals Corporation Ltd.,DEEPAKFERT
Deepak Nitrite Ltd.,DEEPAKNTR
Deep Industries Ltd.,DEEPINDS
Delhivery Ltd.,DELHIVERY
Delta Corp Ltd.,DELTACORP
Den Networks Ltd.,DEN
Denta Water and Infra Solutions Ltd.,DENTA
Vasa Denticity Ltd.,DENTALKART
Devyani International Ltd.,DEVYANI
Dhampur Sugar Mills Ltd.,DHAMPURSUG
Dhanlaxmi Bank Ltd.,DHANBANK
Dhanuka Agritech Ltd.,DHANUKA
Dharmaj Crop Guard Ltd.,DHARMAJ
Diamond Power Infrastructure Ltd.,DIACABS
Prataap Snacks Ltd.,DIAMONDYD
Diffusion Engineers Ltd.,DIFFNKG
Digitide Solutions Ltd.,DIGITIDE
Divgi Torqtransfer Systems Ltd.,DIVGIITTS
Divi's Laboratories Ltd.,DIVISLAB
Dixon Technologies (India) Ltd.,DIXON
DLF Ltd.,DLF
D-Link (India) Ltd.,DLINKINDIA
Avenue Supermarts Ltd.,DMART
Dodla Dairy Ltd.,DODLA
Dolat Algotech Ltd.,DOLATALGO
Dollar Industries Ltd.,DOLLAR
Dolphin Offshore Enterprises (India) Ltd.,DOLPHIN
DOMS Industries Ltd.,DOMS
D P Abhushan Ltd.,DPABHUSHAN
Divine Power Energy Ltd.,DPEL
India Power Corporation Ltd.,DPSCLTD
Dredging Corporation Of India Ltd.,DREDGECORP
Dr. Reddy's Laboratories Ltd.,DRREDDY
Dynacons Systems & Solutions Ltd.,DSSL
Dhunseri Ventures Ltd.,DVL
Dwarikesh Sugar Industries Ltd.,DWARKESH
Dynamic Cables Ltd.,DYCL
Dynamatic Technologies Ltd.,DYNAMATECH
E2E Networks Ltd.,E2E
Easy Trip Planners Ltd.,EASEMYTRIP
GNG Electronics Ltd.,EBGNG
eClerx Services Ltd.,ECLERX
Ecos (India) Mobility & Hospitality Ltd.,ECOSMOBLTY
Edelweiss Financial Services Ltd.,EDELWEISS
EFC (I) Ltd.,EFCIL
Eicher Motors Ltd.,EICHERMOT
EID Parry (India) Ltd.,EIDPARRY
Enviro Infra Engineers Ltd.,EIEL
Euro India Fresh Foods Ltd.,EIFFL
EIH Associated Hotels Ltd.,EIHAHOTELS
EIH Ltd.,EIHOTEL
Eimco Elecon (India) Ltd.,EIMCOELECO
Everest Kanto Cylinder Ltd.,EKC
Eldeco Housing & Industries Ltd.,ELDEHSG
Elecon Engineering Company Ltd.,ELECON
Electrosteel Castings Ltd.,ELECTCAST
Electrotherm (India) Ltd.,ELECTHERM
Elgi Equipments Ltd.,ELGIEQUIP
Ellenbarrie Industrial Gases Ltd.,ELLEN
Emami Ltd.,EMAMILTD
Embassy Office Parks REIT,EMBASSY
Embassy Developments Ltd.,EMBDL
Emcure Pharmaceuticals Ltd.,EMCURE
Electronics Mart India Ltd.,EMIL
Emmvee Photovoltaic Power Ltd.,EMMVEE
EMS Ltd.,EMSLIMITED
eMudhra Ltd.,EMUDHRA
Endurance Technologies Ltd.,ENDURANCE
Engineers India Ltd.,ENGINERSIN
Siemens Energy India Ltd.,ENRIN
Entero Healthcare Solutions Ltd.,ENTERO
EPACK Durables Ltd.,EPACK
EPack Prefab Technologies Ltd.,EPACKPEB
Epigral Ltd.,EPIGRAL
EPL Ltd.,EPL
Equitas Small Finance Bank Ltd.,EQUITASBNK
Eris Lifesciences Ltd.,ERIS
Esab India Ltd.,ESABINDIA
ESAF Small Finance Bank Ltd.,ESAFSFB
Escorts Kubota Ltd.,ESCORTS
Ester Industries Ltd.,ESTER
Eternal Ltd.,ETERNAL
Ethos Ltd.,ETHOSLTD
Emkay Tools Ltd.,ETL
Eureka Forbes Ltd.,EUREKAFORB
Euro Pratik Sales Ltd.,EUROPRATIK
Eveready Industries India Ltd.,EVEREADY
Excel Industries Ltd.,EXCELINDUS
Excelsoft Technologies Ltd.,EXCELSOFT
Exicom Tele-Systems Ltd.,EXICOM
Exide Industries Ltd.,EXIDEIND
Expleo Solutions Ltd.,EXPLEOSOL
Fabtech Technologies Ltd.,FABTECH
The Fertilisers and Chemicals Travancore Ltd.,FACT
Fairchem Organics Ltd.,FAIRCHEMOR
Faze Three Ltd.,FAZE3Q
Fineotex Chemical Ltd.,FCL
FDC Ltd.,FDC
Federal Bank Ltd.,FEDERALBNK
Fedbank Financial Services Ltd.,FEDFINA
FIEM Industries Ltd.,FIEMIND
Filatex India Ltd.,FILATEX
Finolex Cables Ltd.,FINCABLES
Fine Organic Industries Ltd.,FINEORG
Finkurve Financial Services Ltd.,FINKURVE
Fino Payments Bank Ltd.,FINOPB
Finolex Industries Ltd.,FINPIPE
Brainbees Solutions Ltd.,FIRSTCRY
Fischer Medical Ventures Ltd.,FISCHER
Five-Star Business Finance Ltd.,FIVESTAR
Flair Writing Industries Ltd,FLAIR
Gujarat Fluorochemicals Ltd.,FLUOROCHEM
FlySBS Aviation Ltd.,FLYSBS
Federal-Mogul Goetze (India) Ltd.,FMGOETZE
Foce India Ltd.,FOCE
Force Motors Ltd.,FORCEMOT
Fortis Healthcare Ltd.,FORTIS
Foseco India Ltd.,FOSECOIND
Fractal Analytics Ltd.,FRACTAL
Firstsource Solutions Ltd.,FSL
Fusion Finance Ltd.,FUSION
Gabriel India Ltd.,GABRIEL
Gujarat Ambuja Exports Ltd.,GAEL
GAIL (India) Ltd.,GAIL
Gala Precision Engineering Ltd.,GALAPREC
Galaxy Surfactants Ltd.,GALAXYSURF
Gallantt Ispat Ltd.,GALLANTT
Gandhar Oil Refinery (India) Ltd.,GANDHAR
Gandhi Special Tubes Ltd.,GANDHITUBE
Ganesha Ecosphere Ltd.,GANECOS
Ganesh Benzoplast Ltd.,GANESHBE
Ganesh Consumer Products Ltd.,GANESHCP
Ganesh Housing Ltd.,GANESHHOU
Garware Technical Fibres Ltd.,GARFIBRES
Garuda Construction and Engineering Ltd.,GARUDA
Gateway Distriparks Ltd.,GATEWAY
Gaudium IVF And Women Health Ltd.,GAUDIUMIVF
Gretex Corporate Services Ltd.,GCSL
Gem Aromatics Ltd.,GEMAROMA
Genesys International Corporation Ltd.,GENESYS
Genus Power Infrastructures Ltd.,GENUSPOWER
Geojit Financial Services Ltd.,GEOJITFSL
Great Eastern Shipping Company Ltd.,GESHIP
Ganesh Green Bharat Ltd.,GGBL
GHCL Ltd.,GHCL
GHCL Textiles Ltd.,GHCLTEXTIL
GIC Housing Finance Ltd.,GICHSGFIN
General Insurance Corporation of India,GICRE
Gillette India Ltd.,GILLETTE
Gujarat Industries Power Company Ltd.,GIPCL
GK Energy Ltd.,GKENERGY
Gujarat Kidney and Super Speciality Ltd.,GKSL
GKW Ltd.,GKWLIMITED
Gland Pharma Ltd.,GLAND
GlaxoSmithKline Pharmaceuticals Ltd.,GLAXO
Glenmark Pharmaceuticals Ltd.,GLENMARK
Globus Spirits Ltd.,GLOBUSSPR
Gloster Ltd.,GLOSTERLTD
G M Breweries Ltd.,GMBREW
Gujarat Mineral Development Corporation Ltd.,GMDCLTD
GMM Pfaudler Ltd.,GMMPFAUDLR
GMR Airports Ltd.,GMRAIRPORT
GMR Power and Urban Infra Ltd.,GMRP&UI
GNA Axles Ltd.,GNA
Gujarat Narmada Valley Fertilizers & Chemicals Ltd.,GNFC
GOCL Corporation Ltd.,GOCLCORP
Go Fashion (India) Ltd.,GOCOLORS
Godavari Biorefineries Ltd.,GODAVARIB
Godfrey Phillips India Ltd.,GODFRYPHLP
Go Digit General Insurance Ltd.,GODIGIT
Godrej Agrovet Ltd.,GODREJAGRO
Godrej Consumer Products Ltd.,GODREJCP
Godrej Industries Ltd.,GODREJIND
Godrej Properties Ltd.,GODREJPROP
Gokaldas Exports Ltd.,GOKEX
Gokul Agro Resources Ltd.,GOKULAGRO
Goldiam International Ltd.,GOLDIAM
Goodluck India Ltd.,GOODLUCK
Gopal Snacks Ltd.,GOPAL
Godawari Power & Ispat Ltd.,GPIL
Gujarat Pipavav Port Ltd.,GPPL
GPT Healthcare Ltd.,GPTHEALTH
GPT Infraprojects Ltd.,GPTINFRA
Granules India Ltd.,GRANULES
Graphite India Ltd.,GRAPHITE
Grasim Industries Ltd.,GRASIM
Gravita India Ltd.,GRAVITA
Greaves Cotton Ltd.,GREAVESCOT
Greenlam Industries Ltd.,GREENLAM
Greenpanel Industries Ltd.,GREENPANEL
Greenply Industries Ltd.,GREENPLY
Orient Green Power Company Ltd.,GREENPOWER
Grindwell Norton Ltd.,GRINDWELL
G R Infraprojects Ltd.,GRINFRA
GRM Overseas Ltd.,GRMOVER
Billionbrains Garage Ventures Ltd.,GROWW
GRP Ltd.,GRPLTD
Garden Reach Shipbuilders & Engineers Ltd.,GRSE
Garware Hi-Tech Films Ltd.,GRWRHITECH
Gujarat State Fertilizer & Chemicals Ltd.,GSFC
GSP Crop Science Ltd.,GSPCROP
Gujarat State Petronet Ltd.,GSPL
GTL Infrastructure Ltd.,GTLINFRA
GTPL Hathway Ltd.,GTPL
Gufic BioSciences Ltd.,GUFICBIO
Gujarat Alkalies & Chemicals Ltd.,GUJALKALI
Gujarat Apollo Industries Ltd.,GUJAPOLLO
Gujarat Gas Ltd.,GUJGASLTD
Gujarat Themis Biosyn Ltd.,GUJTHEM
Gulf Oil Lubricants India Ltd.,GULFOILLUB
Gulshan Polyols Ltd.,GULPOLY
GE Power India Ltd.,GVPIL
GE Vernova T&D India Ltd.,GVT&D
Hindustan Aeronautics Ltd.,HAL
Happiest Minds Technologies Ltd.,HAPPSTMNDS
Happy Forgings Ltd.,HAPPYFORGE
Hardwyn India Ltd.,HARDWYN
Hariom Pipe Industries Ltd.,HARIOMPIPE
Harsha Engineers International Ltd.,HARSHA
Hathway Cable & Datacom Ltd.,HATHWAY
Hatsun Agro Products Ltd.,HATSUN
Havells India Ltd.,HAVELLS
HBL Engineering Ltd.,HBLENGINE
Hindustan Construction Company Ltd.,HCC
Healthcare Global Enterprises Ltd.,HCG
HCL Technologies Ltd.,HCLTECH
HDB Financial Services Ltd.,HDBFS
HDFC Asset Management Company Ltd.,HDFCAMC
HDFC Bank Ltd.,HDFCBANK
HDFC Life Insurance Company Ltd.,HDFCLIFE
HEG Ltd.,HEG
Heidelberg Cement India Ltd.,HEIDELBERG
Hemisphere Properties India Ltd.,HEMIPROP
Heranba Industries Ltd.,HERANBA
Heritage Foods Ltd.,HERITGFOOD
Hero MotoCorp Ltd.,HEROMOTOCO
Hester Biosciences Ltd.,HESTERBIO
Hexa Tradex Ltd.,HEXATRADEX
Hexaware Technologies Ltd.,HEXT
HFCL Ltd.,HFCL
HG Infra Engineering Ltd.,HGINFRA
Hinduja Global Solutions Ltd.,HGS
Hikal Ltd.,HIKAL
Himatsingka Seide Ltd.,HIMATSEIDE
Hindalco Industries Ltd.,HINDALCO
Hindustan Composites Ltd.,HINDCOMPOS
Hindustan Copper Ltd.,HINDCOPPER
Hindustan Oil Exploration Company Ltd.,HINDOILEXP
Hindustan Petroleum Corporation Ltd.,HINDPETRO
Hindustan Unilever Ltd.,HINDUNILVR
Hindware Home Innovation Ltd.,HINDWAREAP
Hindustan Zinc Ltd.,HINDZINC
Hind Rectifiers Ltd.,HIRECT
Hi-Tech Pipes Ltd.,HITECH
The Hi-Tech Gears Ltd.,HITECHGEAR
HLE Glascoat Ltd.,HLEGLAS
HMA Agro Industries Ltd.,HMAAGRO
HMT Ltd.,HMT
Hindustan Foods Ltd.,HNDFDS
Home First Finance Company India Ltd.,HOMEFIRST
Honasa Consumer Ltd.,HONASA
Honeywell Automation India Ltd.,HONAUT
Honda India Power Products Ltd.,HONDAPOWER
HPL Electric & Power Ltd.,HPL
Himadri Speciality Chemical Ltd.,HSCL
Hubtown Ltd.,HUBTOWN
Housing and Urban Development Corporation Ltd.,HUDCO
Huhtamaki India Ltd.,HUHTAMAKI
Hyundai Motor India Ltd.,HYUNDAI
Indiabulls Ltd.,IBULLSLTD
ICE Make Refrigeration Ltd.,ICEMAKE
ICICI Prudential Asset Management Company Ltd.,ICICIAMC
ICICI Bank Ltd.,ICICIBANK
ICICI Lombard General Insurance Company Ltd.,ICICIGI
ICICI Prudential Life Insurance Company Ltd.,ICICIPRULI
Indo Count Industries Ltd.,ICIL
ICRA Ltd.,ICRA
IDBI Bank Ltd.,IDBI
Vodafone Idea Ltd.,IDEA
ideaForge Technology Ltd.,IDEAFORGE
IDFC First Bank Ltd.,IDFCFIRSTB
Indian Energy Exchange Ltd.,IEX
IFB Agro Industries Ltd.,IFBAGRO
IFB Industries Ltd.,IFBIND
IFCI Ltd.,IFCI
IFGL Refractories Ltd.,IFGLEXPOR
Igarashi Motors India Ltd.,IGARASHI
International Gemmological Institute (India) Ltd.,IGIL
Indraprastha Gas Ltd.,IGL
I G Petrochemicals Ltd.,IGPL
IIFL Finance Ltd.,IIFL
IIFL Capital Services Ltd.,IIFLCAPS
IKIO Technologies Ltd.,IKIO
Inventurus Knowledge Solutions Ltd.,IKS
Imagicaaworld Entertainment Ltd.,IMAGICAA
Indian Metals & Ferro Alloys Ltd.,IMFA
India Motor Parts & Accessories Ltd.,IMPAL
Indegene Ltd.,INDGN
Indian Hotels Company Ltd.,INDHOTEL
India Cements Ltd.,INDIACEM
India Glycols Ltd.,INDIAGLYCO
IndiaMART InterMESH Ltd.,INDIAMART
Indian Bank,INDIANB
Indian Hume Pipe Company Ltd.,INDIANHUME
India Shelter Finance Corporation Ltd.,INDIASHLTR
InterGlobe Aviation Ltd.,INDIGO
Indigo Paints Ltd.,INDIGOPNTS
IndiGrid Infrastructure Trust,INDIGRID
Indiqube Spaces Ltd.,INDIQUBE
India Nippon Electricals Ltd.,INDNIPPON
Indo Amines Ltd.,INDOAMIN
Indo Borax & Chemicals Ltd.,INDOBORAX
Indoco Remedies Ltd.,INDOCO
Indo Farm Equipment Ltd.,INDOFARM
Indo Rama Synthetics (India) Ltd.,INDORAMA
Indostar Capital Finance Ltd.,INDOSTAR
Indo Tech Transformers Ltd.,INDOTECH
Indo Thai Securities Ltd.,INDOTHAI
Indraprastha Medical Corporation Ltd.,INDRAMEDCO
Ind-Swift Laboratories Ltd.,INDSWFTLAB
IndusInd Bank Ltd.,INDUSINDBK
Indus Infra Trust,INDUSINVIT
Indus Towers Ltd.,INDUSTOWER
InfoBeans Technologies Ltd.,INFOBEAN
Infosys Ltd.,INFY
Ingersoll-Rand (India) Ltd.,INGERRAND
Innova Captab Ltd.,INNOVACAP
Innovana Thinklabs Ltd.,INNOVANA
Innovision Ltd.,INNOVISION
Inox Green Energy Services Ltd.,INOXGREEN
Inox India Ltd.,INOXINDIA
Inox Wind Ltd.,INOXWIND
Insecticides (India) Ltd.,INSECTICID
Intellect Design Arena Ltd.,INTELLECT
Interarch Building Solutions Ltd.,INTERARCH
Indian Overseas Bank,IOB
Indian Oil Corporation Ltd.,IOC
IOL Chemicals and Pharmaceuticals Ltd.,IOLCP
Ion Exchange (India) Ltd.,IONEXCHANG
Ipca Laboratories Ltd.,IPCALAB
India Pesticides Ltd.,IPL
IRB Infrastructure Developers Ltd.,IRB
IRB InvIT Fund,IRBINVIT
Ircon International Ltd.,IRCON
Indian Railway Catering & Tourism Corporation Ltd.,IRCTC
Indian Renewable Energy Development Agency Ltd.,IREDA
Indian Railway Finance Corporation Ltd.,IRFC
IRIS Clothings Ltd.,IRISDOREME
IRM Energy Ltd.,IRMENERGY
ISGEC Heavy Engineering Ltd.,ISGEC
ITC Ltd.,ITC
ITC Hotels Ltd.,ITCHOTELS
India Tourism Development Corporation Ltd.,ITDC
ITI Ltd.,ITI
Ivalue Infosolutions Ltd.,IVALUE
LE Travenues Technology Ltd.,IXIGO
IZMO Ltd.,IZMO
Jammu & Kashmir Bank Ltd.,J&KBANK
Jagran Prakashan Ltd.,JAGRAN
Jagsonpal Pharmaceuticals Ltd.,JAGSNPHARM
Jai Balaji Industries Ltd.,JAIBALAJI
Jai Corp Ltd.,JAICORPLTD
Jain Resource Recycling Ltd.,JAINREC
Jamna Auto Industries Ltd.,JAMNAAUTO
Jaro Institute of Technology Management and Research Ltd.,JARO
Jash Engineering Ltd.,JASH
Jay Bharat Maruti Ltd.,JAYBARMARU
Jaykay Enterprises Ltd.,JAYKAY
Jayaswal Neco Industries Ltd.,JAYNECOIND
J B Chemicals & Pharmaceuticals Ltd.,JBCHEPHARM
JBM Auto Ltd.,JBMA
J G Chemicals Ltd.,JGCHEM
Jindal Photo Ltd.,JINDALPHOT
Jindal Poly Films Ltd.,JINDALPOLY
Jindal Saw Ltd.,JINDALSAW
Jindal Steel Ltd.,JINDALSTEL
Jindal Drilling & Industries Ltd.,JINDRILL
Jindal Worldwide Ltd.,JINDWORLD
Jio Financial Services Ltd.,JIOFIN
Jain Irrigation Systems Ltd.,JISLJALEQS
JITF Infralogistics Ltd.,JITFINFRA
JK Cement Ltd.,JKCEMENT
J Kumar Infraprojects Ltd.,JKIL
JK Lakshmi Cement Ltd.,JKLAKSHMI
JK Paper Ltd.,JKPAPER
JK Tyre & Industries Ltd.,JKTYRE
Jupiter Life Line Hospitals Ltd.,JLHL
JM Financial Ltd.,JMFINANCIL
JNK India Ltd.,JNKINDIA
Jaiprakash Associates Ltd.,JPASSOCIAT
Jindal Poly Investment & Finance Company Ltd.,JPOLYINVST
Jaiprakash Power Ventures Ltd.,JPPOWER
Jana Small Finance Bank Ltd.,JSFB
Jindal Stainless Ltd.,JSL
Jeena Sikho Lifecare Ltd.,JSLL
JSW Cement Ltd.,JSWCEMENT
JSW Energy Ltd.,JSWENERGY
JSW Holdings Ltd.,JSWHL
JSW Infrastructure Ltd.,JSWINFRA
JSW Steel Ltd.,JSWSTEEL
JTEKT India Ltd.,JTEKTINDIA
JTL Industries Ltd.,JTLIND
Jubilant Agri and Consumer Products Ltd.,JUBLCPL
Jubilant Foodworks Ltd.,JUBLFOOD
Jubilant Ingrevia Ltd.,JUBLINGREA
Jubilant Pharmova Ltd.,JUBLPHARMA
Juniper Hotels Ltd.,JUNIPER
Just Dial Ltd.,JUSTDIAL
Jupiter Wagons Ltd.,JWL
Jyothy Labs Ltd.,JYOTHYLAB
Jyoti CNC Automation Ltd.,JYOTICNC
Jyoti Structures Ltd.,JYOTISTRUC
Kabra Extrusion Technik Ltd.,KABRAEXTRU
Kajaria Ceramics Ltd.,KAJARIACER
Sai Silks (Kalamandir) Ltd.,KALAMANDIR
Kalpataru Ltd.,KALPATARU
Kalyan Jewellers India Ltd.,KALYANKJIL
Kansai Nerolac Paints Ltd.,KANSAINER
Kapston Services Ltd.,KAPSTON
Karnika Industries Ltd.,KARNIKA
Karur Vysya Bank Ltd.,KARURVYSYA
Kaynes Technology India Ltd.,KAYNES
KCP Ltd.,KCP
KDDL Ltd.,KDDL
KEC International Ltd.,KEC
Kirloskar Electric Company Ltd.,KECL
KEI Industries Ltd.,KEI
Kellton Tech Solutions Ltd.,KELLTONTEC
Kernex Microsystems (India) Ltd.,KERNEX
KFIN Technologies Ltd.,KFINTECH
Kalyani Investment Company Ltd.,KICL
Krishna Institute of Medical Sciences Ltd.,KIMS
Kingfa Science & Technology (India) Ltd.,KINGFA
KIOCL Ltd.,KIOCL
Kiri Industries Ltd.,KIRIINDUS
Kirloskar Brothers Ltd.,KIRLOSBROS
Kirloskar Oil Engines Ltd.,KIRLOSENG
Kirloskar Industries Ltd.,KIRLOSIND
Kirloskar Pneumatic Company Ltd.,KIRLPNU
Kitex Garments Ltd.,KITEX
Kewal Kiran Clothing Ltd.,KKCL
Knowledge Marine & Engineering Works Ltd.,KMEW
KNR Constructions Ltd.,KNRCON
Kody Technolab Ltd.,KODYTECH
Kokuyo Camlin Ltd.,KOKUYOCMLN
Kolte-Patil Developers Ltd.,KOLTEPATIL
Kopran Ltd.,KOPRAN
Kotak Mahindra Bank Ltd.,KOTAKBANK
Kothari Petrochemicals Ltd.,KOTHARIPET
K P Energy Ltd.,KPEL
KPI Green Energy Ltd.,KPIGREEN
Kalpataru Projects International Ltd.,KPIL
KPIT Technologies Ltd.,KPITTECH
KPR Mill Ltd.,KPRMILL
KRBL Ltd.,KRBL
Krishana Phoschem Ltd.,KRISHANA
Krishival Foods Ltd.,KRISHIVAL
Krishna Defence and Allied Industries Ltd.,KRISHNADEF
KRN Heat Exchanger and Refrigeration Ltd.,KRN
Kross Ltd.,KROSS
Krsnaa Diagnostics Ltd.,KRSNAA
Knowledge Realty Trust,KRT
Krystal Integrated Services Ltd.,KRYSTAL
KSB Ltd.,KSB
Kaveri Seed Company Ltd.,KSCL
KSH International Ltd.,KSHINTL
Kalyani Steels Ltd.,KSL
Ksolves India Ltd.,KSOLVES
Karnataka Bank Ltd.,KTKBANK
Kuantum Papers Ltd.,KUANTUM
Kwality Wall's (India) Ltd.,KWIL
Dr. Lal Pathlabs Ltd.,LALPATHLAB
Landmark Cars Ltd.,LANDMARK
La Opala RG Ltd.,LAOPALA
Latent View Analytics Ltd.,LATENTVIEW
Laurus Labs Ltd.,LAURUSLABS
Laxmi Dental Ltd.,LAXMIDENTL
Le Merite Exports Ltd.,LEMERITE
Lemon Tree Hotels Ltd.,LEMONTREE
Lenskart Solutions Ltd.,LENSKART
LG Balakrishnan & Bros Ltd.,LGBBROSLTD
LG Electronics India Ltd.,LGEINDIA
Laxmi Goldorna House Ltd.,LGHL
LIC Housing Finance Ltd.,LICHSGFIN
Life Insurance Corporation of India,LICI
Likhitha Infrastructure Ltd.,LIKHITHA
Linc Ltd.,LINC
Lincoln Pharmaceuticals Ltd.,LINCOLN
Linde India Ltd.,LINDEINDIA
Lloyds Engineering Works Ltd.,LLOYDSENGG
Lloyds Enterprises Ltd.,LLOYDSENT
Lloyds Metals & Energy Ltd.,LLOYDSME
LMW Ltd.,LMW
Lodha Developers Ltd.,LODHA
Sri Lotus Developers and Realty Ltd.,LOTUSDEV
Larsen & Toubro Ltd.,LT
L&T Finance Ltd.,LTF
LT Foods Ltd.,LTFOODS
LTIMindtree Ltd.,LTM
L&T Technology Services Ltd.,LTTS
Lumax Industries Ltd.,LUMAXIND
Lumax Auto Technologies Ltd.,LUMAXTECH
Lupin Ltd.,LUPIN
Lux Industries Ltd.,LUXIND
Laxmi Organic Industries Ltd.,LXCHEM
Mahindra & Mahindra Ltd.,M&M
Mahindra & Mahindra Financial Services Ltd.,M&MFIN
Maan Aluminium Ltd.,MAANALU
Macpower CNC Machines Ltd.,MACPOWER
Madras Fertilizers Ltd.,MADRASFERT
Magadh Sugar & Energy Ltd.,MAGADSUGAR
Bank of Maharashtra,MAHABANK
Mahamaya Steel Industries Ltd.,MAHASTEEL
Mahindra Lifespace Developers Ltd.,MAHLIFE
Mahindra Logistics Ltd.,MAHLOG
Maharashtra Scooters Ltd.,MAHSCOOTER
Maharashtra Seamless Ltd.,MAHSEAMLES
Maithan Alloys Ltd.,MAITHANALL
Mallcom (India) Ltd.,MALLCOM
Mamata Machinery Ltd.,MAMATA
Manaksia Coated Metals & Industries Ltd.,MANAKCOAT
Manali Petrochemicals Ltd.,MANALIPETC
Manappuram Finance Ltd.,MANAPPURAM
Manba Finance Ltd.,MANBA
Mangalam Cement Ltd.,MANGLMCEM
Man Industries (India) Ltd.,MANINDS
Man Infraconstruction Ltd.,MANINFRA
Mankind Pharma Ltd.,MANKIND
Manorama Industries Ltd.,MANORAMA
Vedant Fashions Ltd.,MANYAVAR
C.E. Info Systems Ltd.,MAPMYINDIA
Marathon Nextgen Realty Ltd.,MARATHON
Marico Ltd.,MARICO
Marine Electricals (India) Ltd.,MARINE
Marksans Pharma Ltd.,MARKSANS
Maruti Suzuki India Ltd.,MARUTI
Mas Financial Services Ltd.,MASFIN
Mastek Ltd.,MASTEK
Master Trust Ltd.,MASTERTR
Matrimony.com Ltd.,MATRIMONY
Max Estates Ltd.,MAXESTATES
Max Healthcare Institute Ltd.,MAXHEALTH
Max India Ltd.,MAXIND
Mayur Uniquoters Ltd.,MAYURUNIQ
Mazagon Dock Shipbuilders Ltd.,MAZDOCK
Madhya Bharat Agro Products Ltd.,MBAPL
M & B Engineering Ltd.,MBEL
Magellanic Cloud Ltd.,MCLOUD
Multi Commodity Exchange of India Ltd.,MCX
Global Health Ltd.,MEDANTA
Medi Assist Healthcare Services Ltd.,MEDIASSIST
Medplus Health Services Ltd.,MEDPLUS
Meesho Ltd.,MEESHO
Mangal Electrical Industries Ltd.,MEIL
Menon Bearings Ltd.,MENONBE
Metro Brands Ltd.,METROBRAND
Metropolis Healthcare Ltd.,METROPOLIS
Max Financial Services Ltd.,MFSL
Mahanagar Gas Ltd.,MGL
Mahindra Holidays & Resorts India Ltd.,MHRIL
MIC Electronics Ltd.,MICEL
Mishra Dhatu Nigam Ltd.,MIDHANI
Midwest Ltd.,MIDWESTLTD
Minda Corporation Ltd.,MINDACORP
Mindspace Business Parks REIT,MINDSPACE
MIRC Electronics Ltd.,MIRCELECTR
M M Forgings Ltd.,MMFL
MMTC Ltd.,MMTC
One Mobikwik Systems Ltd.,MOBIKWIK
Modis Navnirman Ltd.,MODIS
MOIL Ltd.,MOIL
Meghmani Organics Ltd.,MOL
Mold-Tek Packaging Ltd.,MOLDTKPAC
Monarch Networth Capital Ltd.,MONARCH
Monolithisch India Ltd.,MONOLITH
Monte Carlo Fashions Ltd.,MONTECARLO
Morepen Laboratories Ltd.,MOREPENLAB
MosChip Technologies Ltd.,MOSCHIP
Samvardhana Motherson International Ltd.,MOTHERSON
Motilal Oswal Financial Services Ltd.,MOTILALOFS
Motisons Jewellers Ltd.,MOTISONS
MphasiS Ltd.,MPHASIS
MPS Ltd.,MPSLTD
MRF Ltd.,MRF
Mangalore Refinery And Petrochemicals Ltd.,MRPL
MSP Steel & Power Ltd.,MSPL
MSTC Ltd.,MSTCLTD
Motherson Sumi Wiring India Ltd.,MSUMI
MTAR Technologies Ltd.,MTARTECH
Mahanagar Telephone Nigam Ltd.,MTNL
Mufin Green Finance Ltd.,MUFIN
Mukand Ltd.,MUKANDLTD
Mukka Proteins Ltd.,MUKKA
Munjal Auto Industries Ltd.,MUNJALAU
Muthoot Finance Ltd.,MUTHOOTFIN
Muthoot Microfin Ltd.,MUTHOOTMF
Manoj Vaibhav Gems N Jewellers Ltd.,MVGJL
MVK Agro Food Product Ltd.,MVKAGRO
Mangalam Worldwide Ltd.,MWL
NACL Industries Ltd.,NACLIND
Nahar Spinning Mills Ltd.,NAHARSPING
Nippon Life India Asset Management Ltd.,NAM-INDIA
Natco Pharma Ltd.,NATCOPHARM
National Aluminium Company Ltd.,NATIONALUM
Info Edge (India) Ltd.,NAUKRI
NAVA Ltd.,NAVA
Navin Fluorine International Ltd.,NAVINFLUOR
Navkar Corporation Ltd.,NAVKARCORP
Navneet Education Ltd.,NAVNETEDUL
Nazara Technologies Ltd.,NAZARA
NBCC (India) Ltd.,NBCC
NCC Ltd.,NCC
NCL Industries Ltd.,NCLIND
NDR Auto Components Ltd.,NDRAUTO
NDR InvIT Trust,NDRINVIT
New Delhi Television Ltd.,NDTV
Nelcast Ltd.,NELCAST
Nelco Ltd.,NELCO
Neogen Chemicals Ltd.,NEOGEN
Nephrocare Health Services Ltd.,NEPHROPLUS
Nesco Ltd.,NESCO
Nestle India Ltd.,NESTLEIND
Netweb Technologies India Ltd.,NETWEB
Network18 Media & Investments Ltd.,NETWORK18
Neuland Laboratories Ltd.,NEULANDLAB
Newgen Software Technologies Ltd.,NEWGEN
National Fertilizers Ltd.,NFL
NGL Fine - Chem Ltd.,NGLFINE
Narayana Hrudayalaya Ltd.,NH
National Highways Infra Trust,NHIT
NHPC Ltd.,NHPC
The New India Assurance Company Ltd.,NIACL
NIBE Ltd.,NIBE
NIIT Ltd.,NIITLTD
NIIT Learning Systems Ltd.,NIITMTS
Nilkamal Ltd.,NILKAMAL
Nintec Systems Ltd.,NINSYS
Nitco Ltd.,NITCO
Nitin Spinners Ltd.,NITINSPIN
Niva Bupa Health Insurance Company Ltd.,NIVABUPA
NLC India Ltd.,NLCINDIA
NMDC Ltd.,NMDC
NOCIL Ltd.,NOCIL
Northern Arc Capital Ltd.,NORTHARC
Network People Services Technologies Ltd.,NPST
N R Agarwal Industries Ltd.,NRAIL
NRB Bearings Ltd.,NRBBEARING
Nalwa Sons Investments Ltd.,NSIL
NMDC Steel Ltd.,NSLNISP
NTPC Ltd.,NTPC
NTPC Green Energy Ltd.,NTPCGREEN
Nucleus Software Exports Ltd.,NUCLEUS
Nuvama Wealth Management Ltd.,NUVAMA
Nuvoco Vistas Corporation Ltd.,NUVOCO
Nexus Select Trust REIT,NXST
Nxt-Infra Trust,NXT-INFRA
FSN E-Commerce Ventures Ltd.,NYKAA
Oriental Aromatics Ltd.,OAL
Oberoi Realty Ltd.,OBEROIRLTY
OBSC Perfection Ltd.,OBSCP
Oracle Financial Services Software Ltd.,OFSS
Oil India Ltd.,OIL
Ola Electric Mobility Ltd.,OLAELEC
Olectra Greentech Ltd.,OLECTRA
Omaxe Ltd.,OMAXE
Om Infra Ltd.,OMINFRAL
Omnitech Engineering Ltd.,OMNI
One Point One Solutions Ltd.,ONEPOINT
OneSource Specialty Pharma Ltd.,ONESOURCE
Oil And Natural Gas Corporation Ltd.,ONGC
Optiemus Infracom Ltd.,OPTIEMUS
Orchid Pharma Ltd.,ORCHPHARMA
Oriana Power Ltd.,ORIANA
Oricon Enterprises Ltd.,ORICONENT
Orient Cement Ltd.,ORIENTCEM
Orient Electric Ltd.,ORIENTELEC
Oriental Hotels Ltd.,ORIENTHOT
Orient Technologies Ltd.,ORIENTTECH
The Orissa Minerals Development Company Ltd.,ORISSAMINE
Orkla India Ltd.,ORKLAINDIA
Osel Devices Ltd.,OSELDEVICE
Oswal Green Tech Ltd.,OSWALGREEN
Oswal Pumps Ltd.,OSWALPUMPS
Pace Digitek Ltd.,PACEDIGITK
Page Industries Ltd.,PAGEIND
Paisalo Digital Ltd.,PAISALO
Panacea Biotec Ltd.,PANACEABIO
Panama Petrochem Ltd.,PANAMAPET
Paramount Communications Ltd.,PARACABLES
Paradeep Phosphates Ltd.,PARADEEP
Parag Milk Foods Ltd.,PARAGMILK
Paras Defence and Space Technologies Ltd.,PARAS
Parin Enterprises Ltd.,PARIN
Park Medi World Ltd.,PARKHOSPS
Apeejay Surrendra Park Hotels Ltd.,PARKHOTELS
Pashupati Cotspin Ltd.,PASHUPATI
Patanjali Foods Ltd.,PATANJALI
Patel Engineering Ltd.,PATELENG
Patel Retail Ltd.,PATELRMART
Paushak Ltd.,PAUSHAKLTD
One97 Communications Ltd.,PAYTM
PCBL Chemical Ltd.,PCBL
Petro Carbon and Chemicals Ltd.,PCCL
PC Jeweller Ltd.,PCJEWELLER
Pudumjee Paper Products Ltd.,PDMJEPAPER
PDS Ltd.,PDSL
Pennar Industries Ltd.,PENIND
Persistent Systems Ltd.,PERSISTENT
Petronet LNG Ltd.,PETRONET
Power Finance Corporation Ltd.,PFC
Pfizer Ltd.,PFIZER
Prime Focus Ltd.,PFOCUS
PTC India Financial Services Ltd.,PFS
PG Electroplast Ltd.,PGEL
Procter & Gamble Hygiene & Healthcare Ltd.,PGHH
Procter & Gamble Health Ltd.,PGHL
Pearl Global Industries Ltd.,PGIL
PowerGrid Infrastructure Investment Trust,PGINVIT
Phoenix Mills Ltd.,PHOENIXLTD
Piccadily Agro Industries Ltd.,PICCADIL
Pidilite Industries Ltd.,PIDILITIND
PI Industries Ltd.,PIIND
Pilani Investment and Industries Corporation Ltd.,PILANIINVS
Pine Labs Ltd.,PINELABS
Piramal Finance Ltd.,PIRAMALFIN
Pitti Engineering Ltd.,PITTIENG
Pix Transmissions Ltd.,PIXTRANS
Platinum Industries Ltd.,PLATIND
Punjab National Bank,PNB
PNB Gilts Ltd.,PNBGILTS
PNB Housing Finance Ltd.,PNBHOUSING
PNC Infratech Ltd.,PNCINFRA
P N Gadgil Jewellers Ltd.,PNGJL
PNGS Reva Diamond Jewellery Ltd.,PNGSREVA
Pondy Oxides & Chemicals Ltd.,POCL
Pokarna Ltd.,POKARNA
PB Fintech Ltd.,POLICYBZR
Polycab India Ltd.,POLYCAB
Poly Medicure Ltd.,POLYMED
Polyplex Corporation Ltd.,POLYPLEX
Poonawalla Fincorp Ltd.,POONAWALLA
Power Grid Corporation of India Ltd.,POWERGRID
Hitachi Energy India Ltd.,POWERINDIA
Power Mech Projects Ltd.,POWERMECH
Piramal Pharma Ltd.,PPLPHARMA
Prabha Energy Ltd.,PRABHA
Praj Industries Ltd.,PRAJIND
Prakash Industries Ltd.,PRAKASH
Precision Camshafts Ltd.,PRECAM
Precot Ltd.,PRECOT
Precision Wires India Ltd.,PRECWIRE
Premier Explosives Ltd.,PREMEXPLN
Premier Energies Ltd.,PREMIERENE
Premier Polyfilm Ltd.,PREMIERPOL
Prestige Estates Projects Ltd.,PRESTIGE
Pricol Ltd.,PRICOLLTD
Prime Securities Ltd.,PRIMESECU
Prince Pipes & Fittings Ltd.,PRINCEPIPE
Privi Speciality Chemicals Ltd.,PRIVISCL
Prostarm Info Systems Ltd.,PROSTARM
Protean eGov Technologies Ltd.,PROTEAN
Prozone Realty Ltd.,PROZONER
Prism Johnson Ltd.,PRSMJOHNSN
Prudent Corporate Advisory Services Ltd.,PRUDENT
Punjab & Sind Bank,PSB
PSP Projects Ltd.,PSPPROJECT
PTC India Ltd.,PTC
PTC Industries Ltd.,PTCIL
Punjab Chemicals and Crop Protection Ltd.,PUNJABCHEM
Puravankara Ltd.,PURVA
PVP Ventures Ltd.,PVP
PVR INOX Ltd.,PVRINOX
Popular Vehicles and Services Ltd.,PVSL
Physicswallah Ltd.,PWL
Quality Power Electrical Equipments Ltd.,QPOWER
Quadrant Future Tek Ltd.,QUADFUTURE
Quess Corp Ltd.,QUESS
Quick Heal Technologies Ltd.,QUICKHEAL
Racl Geartech Ltd.,RACLGEAR
Radhika Jeweltech Ltd.,RADHIKAJWE
Radico Khaitan Ltd.,RADICO
RailTel Corporation of India Ltd.,RAILTEL
Rain Industries Ltd.,RAIN
Rainbow Childrens Medicare Ltd.,RAINBOW
Rajesh Exports Ltd.,RAJESHEXPO
Rajoo Engineers Ltd.,RAJOOENG
Rajratan Global Wire Ltd.,RAJRATAN
Raj Rayon Industries Ltd.,RAJRILTD
Rallis India Ltd.,RALLIS
Rama Steel Tubes Ltd.,RAMASTEEL
The Ramco Cements Ltd.,RAMCOCEM
Ramco Industries Ltd.,RAMCOIND
Ramco Systems Ltd.,RAMCOSYS
Ramky Infrastructure Ltd.,RAMKY
Ram Ratna Wires Ltd.,RAMRAT
Rane Holdings Ltd.,RANEHOLDIN
RateGain Travel Technologies Ltd.,RATEGAIN
Ratnamani Metals & Tubes Ltd.,RATNAMANI
Ratnaveer Precision Engineering Ltd.,RATNAVEER
Raymond Ltd.,RAYMOND
Raymond Lifestyle Ltd.,RAYMONDLSL
Raymond Realty Ltd.,RAYMONDREL
Restaurant Brands Asia Ltd.,RBA
RBL Bank Ltd.,RBLBANK
Rashtriya Chemicals & Fertilizers Ltd.,RCF
REC Ltd.,RECLTD
Redington Ltd.,REDINGTON
Redtape Ltd.,REDTAPE
Refex Industries Ltd.,REFEX
Regaal Resources Ltd.,REGAAL
Relaxo Footwears Ltd.,RELAXO
Reliance Industries Ltd.,RELIANCE
Religare Enterprises Ltd.,RELIGARE
Reliance Infrastructure Ltd.,RELINFRA
Ravindra Energy Ltd.,RELTD
Remus Pharmaceuticals Ltd.,REMUS
Shree Renuka Sugars Ltd.,RENUKA
Repco Home Finance Ltd.,REPCOHOME
Responsive Industries Ltd.,RESPONIND
Renaissance Global Ltd.,RGL
Rhetan TMT Ltd.,RHETAN
RHI Magnesita India Ltd.,RHIM
Rico Auto Industries Ltd.,RICOAUTO
Reliance Industrial InfraStructure Ltd.,RIIL
Raajmarg Infra Investment Trust,RIIT
Rishabh Instruments Ltd.,RISHABH
Ritco Logistics Ltd.,RITCO
Rites Ltd.,RITES
Ramkrishna Forgings Ltd.,RKFORGE
R M Drip and Sprinklers Systems Ltd.,RMDRIP
Rane (Madras) Ltd.,RML
R&B Denims Ltd.,RNBDENIMS
RNFI Services Ltd.,RNFI
Royal Orchid Hotels Ltd.,ROHLTD
Rolex Rings Ltd.,ROLEXRINGS
Rossari Biotech Ltd.,ROSSARI
Rossell Techsys Ltd.,ROSSTECH
Roto Pumps Ltd.,ROTO
Route Mobile Ltd.,ROUTE
Raghav Productivity Enhancers Ltd.,RPEL
RPG Life Sciences Ltd.,RPGLIFE
Reliance Power Ltd.,RPOWER
RPSG Ventures Ltd.,RPSGVENT
Rashi Peripherals Ltd.,RPTECH
R R Kabel Ltd.,RRKABEL
Rajputana Stainless Ltd.,RSL
RSWM Ltd.,RSWM
R Systems International Ltd.,RSYSTEMS
RattanIndia Enterprises Ltd.,RTNINDIA
RattanIndia Power Ltd.,RTNPOWER
Rubicon Research Ltd.,RUBICON
Ruby Mills Ltd.,RUBYMILLS
Rupa & Company Ltd.,RUPA
Keystone Realtors Ltd.,RUSTOMJEE
Rail Vikas Nigam Ltd.,RVNL
Saatvik Green Energy Ltd.,SAATVIKGL
Sacheerome Ltd.,SACHEEROME
Safari Industries (India) Ltd.,SAFARI
Safe Enterprises Retail Fixtures Ltd.,SAFEENTP
Sagar Cements Ltd.,SAGCEM
Sagility Ltd.,SAGILITY
Sahana System Ltd.,SAHANA
Steel Authority of India (SAIL) Ltd.,SAIL
Sai Life Science Ltd.,SAILIFE
Sakar Healthcare Ltd.,SAKAR
Saksoft Ltd.,SAKSOFT
Salasar Techno Engineering Ltd.,SALASAR
SAL Steel Ltd.,SALSTEEL
Salzer Electronics Ltd.,SALZERELEC
Sambhv Steel Tubes Ltd.,SAMBHV
Samhi Hotels Ltd.,SAMHI
Sammaan Capital Ltd.,SAMMAANCAP
Sanathan Textiles Ltd.,SANATHAN
Sandesh Ltd.,SANDESH
Sandhar Technologies Ltd.,SANDHAR
Sandur Manganese & Iron Ores Ltd.,SANDUMA
Sangam (India) Ltd.,SANGAMIND
Sanghi Industries Ltd.,SANGHIIND
Sanghvi Movers Ltd.,SANGHVIMOV
Sanofi India Ltd.,SANOFI
Sanofi Consumer Healthcare India Ltd.,SANOFICONR
Sansera Engineering Ltd.,SANSERA
Sanstar Ltd.,SANSTAR
Sapphire Foods India Ltd.,SAPPHIRE
Sarda Energy & Minerals Ltd.,SARDAEN
Saregama India Ltd.,SAREGAMA
Sarla Performance Fibers Ltd.,SARLAPOLY
SAR Televenture Ltd.,SARTELE
Sasken Technologies Ltd.,SASKEN
Sastasundar Ventures Ltd.,SASTASUNDR
Satia Industries Ltd.,SATIA
Satin Creditcare Network Ltd.,SATIN
Saurashtra Cements Ltd.,SAURASHCEM
SBC Exports Ltd.,SBC
Shivalik Bimetal Controls Ltd.,SBCL
SBFC Finance Ltd.,SBFC
SBI Cards and Payment Services Ltd.,SBICARD
SBI Life Insurance Company Ltd.,SBILIFE
State Bank of India,SBIN
Schaeffler India Ltd.,SCHAEFFLER
Schneider Electric Infrastructure Ltd.,SCHNEIDER
Shipping Corporation of India Ltd.,SCI
Shipping Corporation of India Land And Assets Ltd.,SCILAL
Scoda Tubes Ltd.,SCODATUBES
Som Distilleries & Breweries Ltd.,SDBL
Seamec Ltd.,SEAMECLTD
SEDEMAC Mechatronics Ltd.,SEDEMAC
Sustainable Energy Infra Trust,SEITINVIT
Senco Gold Ltd.,SENCO
Senores Pharmaceuticals Ltd.,SENORES
SEPC Ltd.,SEPC
Servotech Renewable Power System Ltd.,SERVOTECH
Seshasayee Paper & Boards Ltd.,SESHAPAPER
Standard Engineering Technology Ltd.,SETL
Sheela Foam Ltd.,SFL
SG Finserve Ltd.,SGFIN
Synergy Green Industries Ltd.,SGIL
SG Mart Ltd.,SGMART
Shadowfax Technologies Ltd.,SHADOWFAX
Shaily Engineering Plastics Ltd.,SHAILY
Shakti Pumps (India) Ltd.,SHAKTIPUMP
Shalby Ltd.,SHALBY
Shanthi Gears Ltd.,SHANTIGEAR
Shanti Gold International Ltd.,SHANTIGOLD
Sharda Cropchem Ltd.,SHARDACROP
Sharda Motor Industries Ltd.,SHARDAMOTR
Share India Securities Ltd.,SHAREINDIA
Shilchar Technologies Ltd.,SHILCTECH
Shilpa Medicare Ltd.,SHILPAMED
S H Kelkar & Company Ltd.,SHK
Shoppers Stop Ltd.,SHOPERSTOP
Shree Digvijay Cement Company Ltd.,SHREDIGCEM
Shree Cements Ltd.,SHREECEM
Shreeji Shipping Global Ltd.,SHREEJISPG
Shree Pushkar Chemicals & Fertilisers Ltd.,SHREEPUSHK
Shree Rama Multi-Tech Ltd.,SHREERAMA
Shrem InvIT,SHREMINVIT
Shri Ahimsa Naturals Ltd.,SHRIAHIMSA
Shringar House of Mangalsutra Ltd.,SHRINGARMS
Shriram Pistons & Rings Ltd.,SHRIPISTON
Shriram Finance Ltd.,SHRIRAMFIN
Shriram Properties Ltd.,SHRIRAMPPS
Shyam Metalics and Energy Ltd.,SHYAMMETL
Sical Logistics Ltd.,SICALLOG
Siemens Ltd.,SIEMENS
Sigachi Industries Ltd.,SIGACHI
Sigma Advanced Systems Ltd.,SIGMAADV
Signatureglobal (India) Ltd.,SIGNATURE
Signpost India Ltd.,SIGNPOST
Silver Touch Technologies Ltd.,SILVERTUC
Simplex Infrastructures Ltd.,SIMPLEXINF
Sindhu Trade Links Ltd.,SINDHUTRAD
Sirca Paints India Ltd.,SIRCA
SIS Ltd.,SIS
Siyaram Silk Mills Ltd.,SIYSIL
SJS Enterprises Ltd.,SJS
SJVN Ltd.,SJVN
SKF India Ltd.,SKFINDIA
SKF India (Industrial) Ltd.,SKFINDUS
Skipper Ltd.,SKIPPER
SKM Egg Products Export (India) Ltd.,SKMEGGPROD
Sky Gold and Diamonds Ltd.,SKYGOLD
Smartworks Coworking Spaces Ltd.,SMARTWORKS
SMC Global Securities Ltd.,SMCGLOBAL
SML Mahindra Ltd.,SMLMAH
SMS Pharmaceuticals Ltd.,SMSPHARMA
Snowman Logistics Ltd.,SNOWMAN
Sobha Ltd.,SOBHA
Solara Active Pharma Sciences Ltd.,SOLARA
Solar Industries India Ltd.,SOLARINDS
Solarworld Energy Solutions Ltd.,SOLARWORLD
Solex Energy Ltd.,SOLEX
Somany Ceramics Ltd.,SOMANYCERA
Sona BLW Precision Forgings Ltd.,SONACOMS
Sonata Software Ltd.,SONATSOFTW
Savita Oil Technologies Ltd.,SOTL
South Indian Bank Ltd.,SOUTHBANK
South West Pinnacle Exploration Ltd.,SOUTHWEST
S P Apparels Ltd.,SPAL
Spandana Sphoorty Financial Ltd.,SPANDANA
Sun Pharma Advanced Research Company Ltd.,SPARC
Spectrum Electrical Industries Ltd.,SPECTRUM
Southern Petrochemicals Industries Corporation Ltd.,SPIC
Supreme Petrochem Ltd.,SPLPETRO
SPML Infra Ltd.,SPMLINFRA
Sportking India Ltd.,SPORTKING
SRF Ltd.,SRF
Sree Rayalaseema Hi-Strength Hypo Ltd.,SRHHYPOLTD
SRM Contractors Ltd.,SRM
Sathlokhar Synergys E&C Global Ltd.,SSEGL
Steel Strips Wheels Ltd.,SSWL
Stallion India Fluorochemicals Ltd.,STALLION
Stanley Lifestyles Ltd.,STANLEY
Strides Pharma Science Ltd.,STAR
Star Cement Ltd.,STARCEMENT
Star Health and Allied Insurance Company Ltd.,STARHEALTH
State Trading Corporation Of India Ltd.,STCINDIA
Steel Cast Ltd.,STEELCAS
Steel Exchange India Ltd.,STEELXIND
STEL Holdings Ltd.,STEL
Sterling Tools Ltd.,STERTOOLS
STL Networks Ltd.,STLNETWORK
Sterlite Technologies Ltd.,STLTECH
Stove Kraft Ltd.,STOVEKRAFT
Studds Accessories Ltd.,STUDDS
Seshaasai Technologies Ltd.,STYL
Stylam Industries Ltd.,STYLAMIND
Baazar Style Retail Ltd.,STYLEBAAZA
Styrenix Performance Materials Ltd.,STYRENIX
Subros Ltd.,SUBROS
Sudarshan Colorants India Ltd.,SUDARCOLOR
Sudarshan Chemical Industries Ltd.,SUDARSCHEM
Sudeep Pharma Ltd.,SUDEEPPHRM
Sula Vineyards Ltd.,SULA
Sumeet Industries Ltd.,SUMEETINDS
Sumitomo Chemical India Ltd.,SUMICHEM
Summit Securities Ltd.,SUMMITSEC
Sundaram-Clayton Ltd.,SUNCLAY
Sundaram Finance Ltd.,SUNDARMFIN
Sundram Fasteners Ltd.,SUNDRMFAST
Sundrop Brands Ltd.,SUNDROP
Sunflag Iron & Steel Company Ltd.,SUNFLAG
Sunlite Recycling Industries Ltd.,SUNLITE
Sun Pharmaceutical Industries Ltd.,SUNPHARMA
Sunteck Realty Ltd.,SUNTECK
Sun TV Network Ltd.,SUNTV
Suprajit Engineering Ltd.,SUPRAJIT
Supreme Industries Ltd.,SUPREMEIND
Supriya Lifescience Ltd.,SUPRIYA
Suraj Estate Developers Ltd.,SURAJEST
Suraksha Diagnostic Ltd.,SURAKSHA
Surya Roshni Ltd.,SURYAROSNI
Suryoday Small Finance Bank Ltd.,SURYODAY
Suven Life Sciences Ltd.,SUVEN
Suyog Telematics Ltd.,SUYOG
Suzlon Energy Ltd.,SUZLON
Shree Vasu Logistics Ltd.,SVLL
Swan Corp Ltd.,SWANCORP
Swan Defence and Heavy Industries Ltd.,SWANDEF
Swaraj Suiting Ltd.,SWARAJ
Swaraj Engines Ltd.,SWARAJENG
Swelect Energy Systems Ltd.,SWELECTES
Swiggy Ltd.,SWIGGY
Sterling and Wilson Renewable Energy Ltd.,SWSOLAR
Symphony Ltd.,SYMPHONY
Syncom Formulation (India) Ltd.,SYNCOMF
Syngene International Ltd.,SYNGENE
Syrma SGS Technology Ltd.,SYRMA
Systematix Corporate Services Ltd.,SYSTMTXC
TAC Infosec Ltd.,TAC
Taj GVK Hotels & Resorts Ltd.,TAJGVK
Take Solutions Ltd.,TAKE
Talbros Automotive Components Ltd.,TALBROAUTO
Tanla Platforms Ltd.,TANLA
TARC Ltd.,TARC
Transformers & Rectifiers (India) Ltd.,TARIL
Tarsons Products Ltd.,TARSONS
Tasty Bite Eatables Ltd.,TASTYBITE
Tata Capital Ltd.,TATACAP
Tata Chemicals Ltd.,TATACHEM
Tata Communications Ltd.,TATACOMM
Tata Consumer Products Ltd.,TATACONSUM
Tata Elxsi Ltd.,TATAELXSI
Tata Investment Corporation Ltd.,TATAINVEST
Tata Power Company Ltd.,TATAPOWER
Tata Steel Ltd.,TATASTEEL
Tata Technologies Ltd.,TATATECH
Tatva Chintan Pharma Chem Ltd.,TATVA
TBO Tek Ltd.,TBOTEK
Tribhovandas Bhimji Zaveri Ltd.,TBZ
Transport Corporation of India Ltd.,TCI
TCI Express Ltd.,TCIEXP
TCPL Packaging Ltd.,TCPLPACK
Tata Consultancy Services Ltd.,TCS
TD Power Systems Ltd.,TDPOWERSYS
TeamLease Services Ltd.,TEAMLEASE
Tech Mahindra Ltd.,TECHM
Techno Electric & Engineering Company Ltd.,TECHNOE
Tega Industries Ltd.,TEGA
Tejas Cargo India Ltd.,TEJASCARGO
Tejas Networks Ltd.,TEJASNET
Tembo Global Industries Ltd.,TEMBO
Tenneco Clean Air India Ltd.,TENNIND
Texmaco Infrastructure & Holdings Ltd.,TEXINFRA
Texmaco Rail & Engineering Ltd.,TEXRAIL
Tourism Finance Corporation of India Ltd.,TFCILTD
Thangamayil Jewellery Ltd.,THANGAMAYL
Thejo Engineering Ltd.,THEJO
Leela Palaces Hotels & Resorts Ltd.,THELEELA
Themis Medicare Ltd.,THEMISMED
Thermax Ltd.,THERMAX
Thomas Cook (India) Ltd.,THOMASCOOK
Thyrocare Technologies Ltd.,THYROCARE
Tilaknagar Industries Ltd.,TI
Technocraft Industries (India) Ltd.,TIIL
Tube Investments of India Ltd.,TIINDIA
TIL Ltd.,TIL
Time Technoplast Ltd.,TIMETECHNO
Timken India Ltd.,TIMKEN
Tinna Rubber and Infrastructure Ltd.,TINNARUBR
Tips Music Ltd.,TIPSMUSIC
Thirumalai Chemicals Ltd.,TIRUMALCHM
Tirupati Forge Ltd.,TIRUPATIFL
Titagarh Rail Systems Ltd.,TITAGARH
Titan Company Ltd.,TITAN
Tamilnad Mercantile Bank Ltd.,TMB
Tata Motors Ltd.,TMCV
Tata Motors Passenger Vehicles Ltd.,TMPV
Tamilnadu Petroproducts Ltd.,TNPETRO
Tamil Nadu Newsprint And Papers Ltd.,TNPL
Torrent Pharmaceuticals Ltd.,TORNTPHARM
Torrent Power Ltd.,TORNTPOWER
Transrail Lighting Ltd.,TRANSRAILL
Travel Food Services Ltd.,TRAVELFOOD
Transindia Real Estate Ltd.,TREL
Trent Ltd.,TRENT
Trident Ltd.,TRIDENT
Triveni Turbine Ltd.,TRITURBINE
Triveni Engineering & Industries Ltd.,TRIVENI
TruAlt Bioenergy Ltd.,TRUALT
TSF Investments Ltd.,TSFINV
TTK Healthcare Ltd.,TTKHLTCARE
TTK Prestige Ltd.,TTKPRESTIG
Tata Teleservices (Maharashtra) Ltd.,TTML
TVS Electronics Ltd.,TVSELECT
TVS Holdings Ltd.,TVSHLTD
TVS Motor Company Ltd.,TVSMOTOR
TVS Supply Chain Solutions Ltd.,TVSSCS
TVS Srichakra Ltd.,TVSSRICHAK
TV Today Network Ltd.,TVTODAY
United Breweries Ltd.,UBL
UCO Bank,UCOBANK
Updater Services Ltd.,UDS
Ujaas Energy Ltd.,UEL
United Foodbrands Ltd.,UFBL
Uflex Ltd.,UFLEX
Ugro Capital Ltd.,UGROCAP
Ujjivan Small Finance Bank Ltd.,UJJIVANSFB
UltraTech Cement Ltd.,ULTRACEMCO
Unichem Laboratories Ltd.,UNICHEMLAB
Unicommerce eSolutions Ltd.,UNIECOM
Uniphos Enterprises Ltd.,UNIENTER
Unihealth Hospitals Ltd.,UNIHEALTH
Unimech Aerospace and Manufacturing Ltd.,UNIMECH
Union Bank of India,UNIONBANK
Uniparts India Ltd.,UNIPARTS
United Spirits Ltd.,UNITDSPR
Unitech Ltd.,UNITECH
United Polyfab Gujarat Ltd.,UNITEDPOLY
Universal Cables Ltd.,UNIVCABLES
UNO Minda Ltd.,UNOMINDA
UPL Ltd.,UPL
Urban Company Ltd.,URBANCO
Usha Martin Ltd.,USHAMART
UTI Asset Management Company Ltd.,UTIAMC
Utkarsh Small Finance Bank Ltd.,UTKARSHBNK
Fujiyama Power Systems Ltd.,UTLSOLAR
Uttam Sugar Mills Ltd.,UTTAMSUGAR
V2 Retail Ltd.,V2RETAIL
Vadilal Industries Ltd.,VADILALIND
Vaibhav Global Ltd.,VAIBHAVGBL
Vakrangee Ltd.,VAKRANGEE
Valiant Organics Ltd.,VALIANTORG
Varroc Engineering Ltd.,VARROC
Vascon Engineers Ltd.,VASCONEQ
Varun Beverages Ltd.,VBL
Vedanta Ltd.,VEDL
Veedol Corporation Ltd.,VEEDOL
Venky's (India) Ltd.,VENKEYS
Ventive Hospitality Ltd.,VENTIVE
Venus Pipes & Tubes Ltd.,VENUSPIPES
Venus Remedies Ltd.,VENUSREM
Veranda Learning Solutions Ltd.,VERANDA
Vertis Infrastructure Trust,VERTIS
Vesuvius India Ltd.,VESUVIUS
V-Guard Industries Ltd.,VGUARD
Vardhman Holdings Ltd.,VHL
Viceroy Hotels Ltd.,VHLTD
Vidhi Specialty Food Ingredients Ltd.,VIDHIING
Vidya Wires Ltd.,VIDYAWIRES
Vision Infra Equipment Solutions Ltd.,VIESL
Vijaya Diagnostic Centre Ltd.,VIJAYA
Vikram Solar Ltd.,VIKRAMSOLR
Vikran Engineering Ltd.,VIKRAN
Vilas Transcore Ltd.,VILAS
Vimta Labs Ltd.,VIMTALABS
Vinati Organics Ltd.,VINATIORGA
Vintage Coffee And Beverages Ltd.,VINCOFE
Vindhya Telelinks Ltd.,VINDHYATEL
Vinyas Innovative Technologies Ltd.,VINYAS
VIP Industries Ltd.,VIPIND
Vishnu Chemicals Ltd.,VISHNU
Viviana Power Tech Ltd.,VIVIANA
Viyash Scientific Ltd.,VIYASH
VLS Finance Ltd.,VLSFINANCE
V-Marc India Ltd.,VMARCIND
V-Mart Retail Ltd.,VMART
Vishal Mega Mart Ltd.,VMM
Voltamp Transformers Ltd.,VOLTAMP
Voltas Ltd.,VOLTAS
VRL Logistics Ltd.,VRLLOG
Vardhman Special Steels Ltd.,VSSL
VST Industries Ltd.,VSTIND
VST Tillers Tractors Ltd.,VSTTILLERS
Vardhman Textiles Ltd.,VTL
Waaree Energies Ltd.,WAAREEENER
Indosolar Ltd.,WAAREEINDO
Waaree Renewable Technologies Ltd.,WAAREERTL
Va Tech Wabag Ltd.,WABAG
Wakefit Innovations Ltd.,WAKEFIT
Walchandnagar Industries Ltd.,WALCHANNAG
Wanbury Ltd.,WANBURY
Western Carriers (India) Ltd.,WCIL
Wealth First Portfolio Managers Ltd.,WEALTH
Websol Energy Systems Ltd.,WEBELSOLAR
Wonder Electricals Ltd.,WEL
Welspun Corp Ltd.,WELCORP
Welspun Enterprises Ltd.,WELENT
Welspun Living Ltd.,WELSPUNLIV
Wendt (India) Ltd.,WENDT
Westlife Foodworld Ltd.,WESTLIFE
WeWork India Management Ltd.,WEWORK
Wheels India Ltd.,WHEELS
Whirlpool of India Ltd.,WHIRLPOOL
Windlas Biotech Ltd.,WINDLAS
Windsor Machines Ltd.,WINDMACHIN
Wipro Ltd.,WIPRO
Wockhardt Ltd.,WOCKPHARMA
Wonderla Holidays Ltd.,WONDERLA
West Coast Paper Mills Ltd.,WSTCSTPAPR
Xchanging Solutions Ltd.,XCHANGING
Xpro India Ltd.,XPROINDIA
Yasho Industries Ltd.,YASHO
Yatharth Hospital & Trauma Care Services Ltd.,YATHARTH
Yatra Online Ltd.,YATRA
YES Bank Ltd.,YESBANK
Yuken India Ltd.,YUKEN
Zaggle Prepaid Ocean Services Ltd.,ZAGGLE
Zee Entertainment Enterprises Ltd.,ZEEL
Zensar Technologies Ltd.,ZENSARTECH
Zen Technologies Ltd.,ZENTEC
ZF Commercial Vehicle Control Systems India Ltd.,ZFCVINDIA
Zota Healthcare Ltd.,ZOTA
Z-Tech (India) Ltd.,ZTECH
Zuari Agro Chemicals Ltd.,ZUARI
Zuari Industries Ltd.,ZUARIIND
Zydus Lifesciences Ltd.,ZYDUSLIFE
Zydus Wellness Ltd.,ZYDUSWELL